{
	"formatVersion": 1,
	"appVersion": "0.58.7",
	"files": [
		{
			"isClone": false,
			"noteId": "XCGsvG3KpkqG",
			"notePath": [
				"XCGsvG3KpkqG"
			],
			"title": "Coursera - Javascript Basics - 06/14/2023",
			"notePosition": 40,
			"prefix": null,
			"isExpanded": false,
			"type": "text",
			"mime": "text/html",
			"attributes": [],
			"format": "html",
			"dataFileName": "Coursera - Javascript Basics -.html",
			"dirFileName": "Coursera - Javascript Basics - 06142023",
			"children": [
				{
					"isClone": false,
					"noteId": "YKYkinhAJyiL",
					"notePath": [
						"XCGsvG3KpkqG",
						"YKYkinhAJyiL"
					],
					"title": "ASSESSING YOUR SKILLS IN HTML & CSS QUIZ (06/14/2023)",
					"notePosition": 10,
					"prefix": null,
					"isExpanded": false,
					"type": "text",
					"mime": "text/html",
					"attributes": [],
					"format": "html",
					"dataFileName": "ASSESSING YOUR SKILLS IN HTML .html"
				},
				{
					"isClone": false,
					"noteId": "o4IRgtWNJHZl",
					"notePath": [
						"XCGsvG3KpkqG",
						"o4IRgtWNJHZl"
					],
					"title": "JavaScript Variables",
					"notePosition": 20,
					"prefix": null,
					"isExpanded": false,
					"type": "text",
					"mime": "text/html",
					"attributes": [],
					"format": "html",
					"dataFileName": "JavaScript Variables.html"
				},
				{
					"isClone": false,
					"noteId": "qa2fxw31csMW",
					"notePath": [
						"XCGsvG3KpkqG",
						"qa2fxw31csMW"
					],
					"title": "JavaScript Variables practice(06/15/2023)",
					"notePosition": 30,
					"prefix": null,
					"isExpanded": false,
					"type": "text",
					"mime": "text/html",
					"attributes": [],
					"format": "html",
					"dataFileName": "JavaScript Variables practice(.html",
					"dirFileName": "JavaScript Variables practice(06152023)",
					"children": [
						{
							"isClone": false,
							"noteId": "d0Ix0RFNGipt",
							"notePath": [
								"XCGsvG3KpkqG",
								"qa2fxw31csMW",
								"d0Ix0RFNGipt"
							],
							"title": "JavaScript Variables Module 2 quiz (06/19/2023)",
							"notePosition": 0,
							"prefix": null,
							"isExpanded": false,
							"type": "text",
							"mime": "text/html",
							"attributes": [],
							"format": "html",
							"dataFileName": "JavaScript Variables Module 2 .html"
						},
						{
							"isClone": false,
							"noteId": "EDb0EGesupoA",
							"notePath": [
								"XCGsvG3KpkqG",
								"qa2fxw31csMW",
								"EDb0EGesupoA"
							],
							"title": "JavaScript Array Methods (Source :GPT4) (06/19/2023)",
							"notePosition": 10,
							"prefix": null,
							"isExpanded": false,
							"type": "text",
							"mime": "text/html",
							"attributes": [],
							"format": "html",
							"dataFileName": "JavaScript Array Methods (Sour.html",
							"dirFileName": "JavaScript Array Methods (Source GPT4) (06192023)",
							"children": [
								{
									"isClone": false,
									"noteId": "ArnabmQndDgo",
									"notePath": [
										"XCGsvG3KpkqG",
										"qa2fxw31csMW",
										"EDb0EGesupoA",
										"ArnabmQndDgo"
									],
									"title": "Module 1 Quiz",
									"notePosition": 0,
									"prefix": null,
									"isExpanded": false,
									"type": "text",
									"mime": "text/html",
									"attributes": [],
									"format": "html",
									"dataFileName": "Module 1 Quiz.html"
								}
							]
						}
					]
				},
				{
					"isClone": false,
					"noteId": "fQT5Ls2h37Oi",
					"notePath": [
						"XCGsvG3KpkqG",
						"fQT5Ls2h37Oi"
					],
					"title": "JavaScript Arrays",
					"notePosition": 40,
					"prefix": null,
					"isExpanded": false,
					"type": "text",
					"mime": "text/html",
					"attributes": [],
					"format": "html",
					"dataFileName": "JavaScript Arrays.html"
				},
				{
					"isClone": false,
					"noteId": "VhUkScAmBDuK",
					"notePath": [
						"XCGsvG3KpkqG",
						"VhUkScAmBDuK"
					],
					"title": "JavaScript Arrays quiz (06/19/2023)",
					"notePosition": 60,
					"prefix": null,
					"isExpanded": false,
					"type": "text",
					"mime": "text/html",
					"attributes": [],
					"format": "html",
					"dataFileName": "JavaScript Arrays quiz (061920.html"
				},
				{
					"isClone": false,
					"noteId": "fZjeca3yGZpN",
					"notePath": [
						"XCGsvG3KpkqG",
						"fZjeca3yGZpN"
					],
					"title": "Visual Studio  (06/19/2023)",
					"notePosition": 70,
					"prefix": null,
					"isExpanded": false,
					"type": "text",
					"mime": "text/html",
					"attributes": [],
					"format": "html",
					"dataFileName": "Visual Studio  (06192023).html"
				}
			]
		},
		{
			"noImport": true,
			"dataFileName": "navigation.html"
		},
		{
			"noImport": true,
			"dataFileName": "index.html"
		},
		{
			"noImport": true,
			"dataFileName": "style.css"
		}
	]
}